{
  "method": "stratified_sampling_by_length_distribution",
  "num_bins": 20,
  "random_seed": 42,
  "train": {
    "total": 8747,
    "real": {
      "count": 4603,
      "response_word_count": {
        "mean": 189.6202476645666,
        "median": 172.0,
        "std": 137.43118293925795,
        "min": 1,
        "max": 1556,
        "percentiles": {
          "5": 19.0,
          "10": 34.0,
          "25": 81.0,
          "50": 172.0,
          "75": 266.0,
          "90": 366.0,
          "95": 433.0
        }
      }
    },
    "synthetic": {
      "count": 4144,
      "response_word_count": {
        "mean": 195.6344111969112,
        "median": 194.0,
        "std": 140.9941494420013,
        "min": 1,
        "max": 1093,
        "percentiles": {
          "5": 13.0,
          "10": 30.0,
          "25": 66.0,
          "50": 194.0,
          "75": 283.0,
          "90": 396.0,
          "95": 445.0
        }
      }
    },
    "combined": {
      "response_word_count": {
        "mean": 192.46953241111237,
        "median": 183.0,
        "std": 139.16296043295304,
        "min": 1,
        "max": 1556,
        "percentiles": {
          "5": 18.0,
          "10": 30.0,
          "25": 73.0,
          "50": 183.0,
          "75": 273.0,
          "90": 376.0,
          "95": 438.0
        }
      }
    }
  },
  "test": {
    "total": 975,
    "real": {
      "count": 512,
      "response_word_count": {
        "mean": 172.365234375,
        "median": 149.0,
        "std": 134.69878651356262,
        "min": 2,
        "max": 1192,
        "percentiles": {
          "5": 14.55,
          "10": 26.0,
          "25": 63.0,
          "50": 149.0,
          "75": 257.25,
          "90": 342.90000000000003,
          "95": 384.9
        }
      }
    },
    "synthetic": {
      "count": 463,
      "response_word_count": {
        "mean": 188.43196544276458,
        "median": 179.0,
        "std": 132.47409467540405,
        "min": 5,
        "max": 849,
        "percentiles": {
          "5": 13.0,
          "10": 34.0,
          "25": 82.0,
          "50": 179.0,
          "75": 272.0,
          "90": 364.0,
          "95": 411.9
        }
      }
    },
    "combined": {
      "response_word_count": {
        "mean": 179.99487179487178,
        "median": 150.0,
        "std": 133.88757233210097,
        "min": 2,
        "max": 1192,
        "percentiles": {
          "5": 14.0,
          "10": 30.400000000000006,
          "25": 73.0,
          "50": 150.0,
          "75": 265.5,
          "90": 347.20000000000005,
          "95": 399.29999999999995
        }
      }
    }
  }
}